id,user_id,contract_id,description,status,image_path,created_at,updated_at,pdf
2,3,1,01 motor ventilador 2 eixos,3,,2015-09-28T12:49:09.064+00:00,2015-10-02T16:18:39.095+00:00,
3,3,1,"livros de ocorrências para o seguinte posto PRODASEN, por enquanto seria só pra lá, mas caso queira solicitar para os demais locais como CM3 e Intelergis.",3,,2015-09-28T13:43:28.924+00:00,2015-10-22T19:18:44.788+00:00,
4,3,1,2 garrafa de gas refrigerantes r-22,3,,2015-09-28T13:48:08.758+00:00,2015-09-29T18:37:08.079+00:00,
5,3,1,pilha palito aaa,3,,2015-09-28T19:14:46.102+00:00,2015-10-08T15:00:39.745+00:00,
6,4,6,Pedido teste ,2,,2015-09-29T16:39:06.894+00:00,2015-09-29T16:54:39.615+00:00,
7,5,2,teste,2,,2015-09-29T16:52:20.121+00:00,2015-09-29T16:55:06.008+00:00,
8,4,6,balanceamento frigorígeno,3,,2015-09-29T17:37:48.815+00:00,2015-10-01T12:01:42.277+00:00,
9,4,6,reduções de cobre,3,,2015-09-29T17:46:13.002+00:00,2015-10-19T10:24:33.806+00:00,
10,9,11,"Para uso da impressora.
Breve estaremos usando um sistema do MPDFT e necessitaremos que a impressora sempre esteja carregada com cartuchos com tinta para impressão das OS (ordem de serviços), nisso é importante termos um cartucho preto e um cartucho colorido em reserva para evitarmos de não ser possível imprimir uma OS por falta de cartucho com tinta na impressora. ",3,,2015-09-30T15:28:51.518+00:00,2015-10-02T16:19:08.578+00:00,
11,4,6,mascaras de proteção,3,,2015-10-01T18:37:01.153+00:00,2015-10-07T12:40:48.417+00:00,
12,9,11,"URGENTE! 
Contactora de comando do ventilador de renovação de ar. Local: Cobertura do MPDFT etapa 01",3,,2015-10-01T18:51:56.641+00:00,2015-10-06T13:17:22.407+00:00,
13,4,6,vedação tipo o ring - self contained - CPD - imagens no email,3,,2015-10-02T20:19:35.287+00:00,2015-11-05T11:29:53.594+00:00,
14,3,1,material escritorio,3,,2015-10-05T13:28:03.123+00:00,2015-10-07T12:40:58.380+00:00,
15,3,1,USO GERAL NA MANUTENÇAO,3,,2015-10-05T16:48:32.073+00:00,2015-10-07T12:41:12.887+00:00,
16,3,1,Pedido material,3,,2015-10-05T17:28:35.126+00:00,2015-10-07T12:41:49.781+00:00,
17,3,1,compra de compressor,3,,2015-10-06T15:28:16.538+00:00,2015-10-07T15:04:41.685+00:00,
18,3,1,COMPRA DE COMPRESSOR 24000 BTUS  URGENTE,3,,2015-10-06T17:11:45.621+00:00,2015-10-07T15:04:21.939+00:00,
19,3,1,compra de compressor e chapa galvanizada,3,,2015-10-07T14:12:46.997+00:00,2015-10-14T14:10:42.517+00:00,
20,3,1,chiller serviço medico ACAT-CG1-CHR-01581,3,,2015-10-07T15:16:58.132+00:00,2015-10-09T12:44:12.485+00:00,
21,3,1,MATERIAL ENG BRUNO,3,,2015-10-07T16:31:26.636+00:00,2015-10-27T10:47:28.131+00:00,
22,3,1,MATERIAL PARA O CHILLER DO SAMS,3,,2015-10-07T16:36:56.734+00:00,2015-10-14T14:10:10.729+00:00,
23,3,1,EXAUSTOR AXIAL 50 CM TRIFASICO E50 T6,3,,2015-10-07T20:27:00.006+00:00,2015-10-13T13:04:38.851+00:00,
24,4,6,uniforme para novo colaborador,3,,2015-10-08T18:56:53.346+00:00,2015-10-13T13:19:08.516+00:00,
25,4,6,corrigir vazamento em self contained,3,,2015-10-08T20:30:44.981+00:00,2015-10-13T13:19:22.602+00:00,
26,4,6,correias,3,,2015-10-09T12:32:41.241+00:00,2015-10-14T12:17:37.029+00:00,
27,4,6,pressostato,2,,2015-10-09T20:29:12.024+00:00,2015-10-14T12:16:30.034+00:00,
28,3,1,024-2015 compressor scroll e bandeija para fancolet,3,,2015-10-13T12:02:11.235+00:00,2015-12-01T13:28:08.411+00:00,
29,4,6,jogo de mangueiras para manifold,3,,2015-10-13T12:15:36.403+00:00,2015-10-14T18:40:47.498+00:00,
30,3,1,025 motor ventilador trane rebobinar ou comprar,3,,2015-10-13T18:30:29.277+00:00,2015-11-05T11:29:38.814+00:00,
31,3,1,"026 pedido eng Bruno18 terminais de dupla compressão para cabo de 35,0mm², para substituirmos nos quadros da CM3.",3,,2015-10-13T18:58:34.768+00:00,2015-10-16T11:52:49.030+00:00,
32,3,1,027-2015 pedido diversos,3,,2015-10-13T19:20:23.699+00:00,2015-10-16T11:51:09.673+00:00,
36,10,2,Compra de cobre conforme contrato,3,,2015-10-14T12:47:18.737+00:00,2015-10-14T13:44:23.429+00:00,
37,3,1,MATERIAL PENDENTE,3,,2015-10-14T14:02:10.243+00:00,2015-12-23T16:47:46.774+00:00,FPA_PENDENCIAS.xlsx
38,3,1,14-10 PEDIDO COMPRESSOR SCROLL E VALVULAS 2 VIAS,3,,2015-10-14T17:23:40.916+00:00,2015-11-05T11:30:26.624+00:00,O.S_AUTORIZADAS.pdf
39,4,6,filtro secador,3,,2015-10-14T17:48:47.263+00:00,2015-10-16T12:38:46.032+00:00,
40,3,1,15-10 rolamento 6319c3,3,,2015-10-15T19:30:47.243+00:00,2015-10-16T12:38:35.721+00:00,
41,3,1,16-10 pedido contactora o.s já autorizada,3,,2015-10-16T15:13:51.693+00:00,2015-10-19T10:30:26.617+00:00,
43,4,6,pontas de prova para multímetro,3,,2015-10-19T11:15:07.757+00:00,2015-10-21T19:24:33.351+00:00,
44,3,1,19-10 CONTACTORA 25A GAB. 02 TEOTONIO VILELA,3,,2015-10-19T12:59:18.112+00:00,2015-10-21T13:39:04.777+00:00,O.S_21948_OUTUBRO.pdf
46,4,6,URGENTE - BASE TIPO ROSCA PARA FUSÍVEL F2AL  - DE 5 AMPEIRES.,3,,2015-10-19T18:51:25.769+00:00,2015-10-21T19:00:39.730+00:00,
48,4,6,URGENTE - ROLAMENTO 6203-27/c3,3,,2015-10-20T12:36:30.379+00:00,2015-10-22T15:52:08.073+00:00,
49,4,6,chave allen 1/8 longa,3,,2015-10-20T18:39:47.034+00:00,2015-10-22T15:52:16.231+00:00,
50,4,6,manômetro para manifold - baixa pressão,3,,2015-10-20T18:41:04.369+00:00,2015-10-22T15:48:31.685+00:00,
57,10,2,Gás Refrigerante R-410A (2 unidades),3,,2015-10-21T13:23:17.169+00:00,2015-10-26T17:03:49.953+00:00,
58,10,2,MANIFOLD,3,,2015-10-21T13:24:03.771+00:00,2015-10-22T19:13:02.817+00:00,
59,3,1,21-10 displey digital para evaporadora mod.42LVCC22C5,3,,2015-10-21T13:30:21.162+00:00,2015-12-23T16:45:57.522+00:00,DSC02676.JPG
61,3,1,21-10 PEDIDO DE 3 GARRAFA DE GAS R-22 - 2 SERAO USADAS NA INTALAÇAO DO COMPRESSOR BITZER NO CHILLER E 1(UMA) PARA USO NA MANUTENÇAO.,3,,2015-10-21T16:21:45.435+00:00,2015-10-22T15:55:46.528+00:00,
62,3,1,21-10 PEDIDO DE 2 ROLAMENTO 6310 C3 PARA USO NA BOMBA DA CM3,3,,2015-10-21T16:34:52.128+00:00,2015-10-22T15:55:29.076+00:00,
63,3,1,21-10 PEDIDO COMPRESSOR 24000 BTUS E 3 PLACA ELETRONICA PARA SPLIT,3,,2015-10-21T17:42:59.648+00:00,2015-10-28T20:19:59.128+00:00,O.S_COMPRESSOR_E_PLACA_ELETRONICA.pdf
64,3,1,21-10 PEDIDO MATERIAL PARA USO EM 3 FANCOILS NO FOSSO - ENCARREGADO HELIO,3,,2015-10-21T18:46:15.500+00:00,2015-10-22T15:47:33.050+00:00,
67,3,1,"22-10-15 PEDIDO DO ENGENHEIRO BRUNO PARAFUSOS DE AÇO INOX OU AÇO PARA ATERRAMENTO DOS Novos inversores de frequência ACS550 ABB, comprados pelo Senado Federal.",3,,2015-10-22T13:14:24.306+00:00,2015-11-05T11:29:19.584+00:00,Parafusos_Inox_ou_A_o_-_CM3.jpg
68,3,1,23-10-15 PEDIDO DE MATERIAS DIVERSOS USADO NA MANUTENÇAO GERAL,3,,2015-10-23T11:47:55.420+00:00,2015-11-05T11:47:15.684+00:00,
69,3,1,"
23-10-15 PEDIDO FANCOLET HYDRONICO DUTADO- EXAUSTOR MURO 150 SUPORTE PARA CONDENSADORA E CABO PP ",3,,2015-10-23T16:05:50.121+00:00,2016-03-09T18:50:45.465+00:00,O.S_OUTUBRO_22_E_23_FANCOLET.pdf
70,3,1,"23-10-15 PEDIDO MANGUEIRA TRANSPARENTE 1/2"" PARA USO NOS DRENOS DE 10 MAQUINAS NA SQS 309",3,,2015-10-23T16:32:50.391+00:00,2015-11-05T11:24:45.725+00:00,
71,4,6,"chave allen LONGA 1/8""",3,,2015-10-23T16:51:17.607+00:00,2015-11-05T11:24:26.757+00:00,
72,4,6,produtos limpeza,3,,2015-10-23T16:53:33.648+00:00,2015-11-06T12:26:31.062+00:00,
73,4,6,insumos manutenção,3,,2015-10-23T16:58:37.482+00:00,2015-11-06T12:27:06.016+00:00,
74,3,1,"26-10-15 PEDIDO ENG BRUNO - TERMINAIS - Houve um problema de superaquecimento nos cabos que alimentam a bomba do Chiller 05, BC-05, será necessário trocar seus terminais pois os cabos estão podendo derreter e causar a parada do equipamento.
",3,,2015-10-26T12:40:00.999+00:00,2015-10-27T10:48:14.950+00:00,
75,3,1,26-10-15 PEDIDO MOTOR VENTILADOR 2 EIXOS REF.25901730 CARRIER,3,,2015-10-26T17:52:57.267+00:00,2015-11-05T11:53:14.262+00:00,O.S_21670_SETEMBRO.pdf
76,3,1,26-10-15 PEDIDO HELICE E BROCA S-PLUS,3,,2015-10-26T17:55:57.811+00:00,2015-10-28T20:21:49.606+00:00,
77,3,1,27-10-15 PEDIDO COMPRESSOR ROTATIVO 24000 BTUS,3,,2015-10-27T10:23:42.008+00:00,2015-10-27T10:47:44.711+00:00,O.S_OUTUBRO_27_compressor.pdf
78,3,1,27-10-15 VARETA DE SOLDA PRATA URGENTE - PARA SOLDAR A SERPENTINA DO FANCOIL DO CAFEZINHO DOS SENADORES A MAQUINA ESTA INOPERANTE,3,,2015-10-27T10:46:45.116+00:00,2015-10-27T20:38:14.144+00:00,
79,3,1,27-10-15 PEDIDO DE UM MOTOR VENTILADOR EIXO DUPLO-,3,,2015-10-27T15:08:58.422+00:00,2015-11-05T12:02:37.452+00:00,O.S_22966_OUTUBRO_27_MOTOR_VENTILADOR.pdf
80,14,11,"MATERIAL PARA LIMPEZA DE FANCOIL, EQUIPAMENTO DE SEGURANÇA",3,,2015-10-27T15:41:01.475+00:00,2015-11-05T11:21:11.183+00:00,
81,4,6,Correias A 37,3,,2015-10-27T17:53:28.208+00:00,2015-10-28T20:19:03.897+00:00,
82,3,1,27-10-15 PEDIDO DE REGISTRO GAVETA PARA USO EM 4 CASSETE NO INTERLEGIS URGENTE PARA TROCA NESTA SEXTA FEIRA,3,,2015-10-27T18:50:50.907+00:00,2015-10-28T20:18:49.606+00:00,
83,10,2,PLACA ELETRÔNICA DA CONDESADORA MIDEA ELITE FRIO 24000 BTUS MODELO MSE-24CR,3,,2015-10-28T13:23:28.098+00:00,2015-12-08T11:36:07.235+00:00,3077_IV-1024-1024.jpg
84,10,2,MOTOR VENTILADOR DO CONDENSADOR MODELO 38MCA009515MS (PARA MAQUINA DO RACK),1,,2015-10-28T13:26:25.211+00:00,2015-12-17T19:09:29.926+00:00,MOTOR.png
85,3,1,28-10-15 PEDIDO MOTOR VENTILADOR EIXO DUPLO E PLACA ELETRONICA SPLIT CARRIER,3,,2015-10-28T16:22:11.961+00:00,2015-11-03T19:09:23.949+00:00,O.S_OUTUBRO_28_PLACA_E_MOTOR.pdf
86,3,1,29-10-15 PEDIDO ENG BRUNO TERMINAIS E CABOS E BATERIAS,3,,2015-10-29T10:36:31.116+00:00,2015-11-11T18:55:29.966+00:00,
87,3,1,29-10-15 PEDIDO EXAUSTOR MURO E COMPRESSOR 18000 BTUS,3,,2015-10-29T10:50:45.073+00:00,2015-11-09T16:22:21.943+00:00,O.S_OUTUBRO_28_EXAUSTOR_E_COMPRESSOR_18000.pdf
89,4,6,"Brocas 2 - desconsiderar pedido anterior ""brocas""",3,,2015-10-29T13:47:23.341+00:00,2015-11-05T11:30:56.922+00:00,
90,3,1,29-10-15 PEDIDO MATERIAL PARA INSTALAR VALVULAS E REGISTROS NO INTERLEGIS E MATERIAL DIVERSOS,3,,2015-10-29T16:56:43.977+00:00,2015-11-06T12:26:00.745+00:00,
91,10,2,Compressor Scroll de 60.000BTUS,3,,2015-10-29T19:19:55.819+00:00,2015-11-05T11:06:39.931+00:00,
92,3,1,03-11-15 PEDIDO CONTROLE REMOTO - COMPRESSOR 24000 BTUS E CONTACTORA ATE 40A. O COMPRESSOR E CONTACTORA VER COM O JORGE POIS SERAO PARA JOAO PESSOA-PB,3,,2015-11-03T10:28:42.258+00:00,2015-11-09T11:57:55.108+00:00,O.S_NOVEMBRO_03_CONTROLE_REMOTO_COMPRESSOR.pdf
93,4,6,Resma de papel,3,,2015-11-03T17:18:08.499+00:00,2015-11-06T12:27:16.604+00:00,
94,3,1,05-11-15 PEDIDO DE VALVULAS E ESPONJOSO,3,,2015-11-05T11:51:15.921+00:00,2015-11-24T13:22:19.538+00:00,O.S_NOVEMBRO_05_VALVULAS.pdf
95,3,1,"05-11-15 PEDIDO DE FANCOLET DUTADO 4,6TR E MATERIAL PARA INSTALAÇAO DO MESMO.",3,,2015-11-05T15:27:33.310+00:00,2016-03-09T18:51:08.818+00:00,O.S_NOVEMBRO_05_FANCOLET_4.6_TR.pdf
96,10,2,Compressor Rotativo de 9.000 Btus,3,,2015-11-05T17:10:39.052+00:00,2015-11-24T13:22:37.115+00:00,
97,3,1,06-11-15 O.S DOS SENSORES TRANE DO PEDIDO DO ENG BRUNO.,3,,2015-11-06T10:42:09.378+00:00,2015-12-01T13:48:33.656+00:00,O.S_SENSORES_TRANE_ENG_BRUNO.pdf
98,3,1,06-11-15 PEDIDO PLACA PVC,3,,2015-11-06T11:11:16.771+00:00,2015-11-11T18:31:41.989+00:00,O.S_NOVEMBRO_06-11-15_PLACA_PVC.pdf
99,3,1,06-11-15 PEDIDO DE SERVIÇO DE TORNEIRO- FURO EM UMA POLIA E SOLDA NA BASE DE UM MOTOR DA SELF,3,,2015-11-06T12:59:20.903+00:00,2015-11-18T14:04:49.767+00:00,
100,3,1,10-11-15 PEDIDO ENG MARCOS MATERIAL INSTALAÇAO DO COMPRESSOR SCROOL 15 TR NO CHILLER DO INTERLEGIS,3,,2015-11-10T17:30:23.069+00:00,2015-11-24T13:23:35.101+00:00,
101,3,1,10-11-15 PEDIDO CONTACTORA ATE 40A,3,,2015-11-10T17:39:19.046+00:00,2015-11-11T17:41:10.624+00:00,O.S__10_NOVEMBRO_CONTACTORA_.pdf
102,14,11,TROCA DE CORREA,3,,2015-11-10T18:17:04.740+00:00,2015-12-01T13:47:39.853+00:00,
103,4,6,fita empacotamento,3,,2015-11-11T10:53:29.353+00:00,2015-11-19T10:16:40.749+00:00,
104,3,1, GAS R-22 E FITA ARMAFLEX,3,,2015-11-11T17:49:21.740+00:00,2015-11-16T13:01:58.329+00:00,
105,3,1,11-11-15 PEDIDO KIT PLACA,3,,2015-11-11T17:50:38.734+00:00,2015-11-17T11:05:53.429+00:00,O.S_23142_NOVEMBRO_PLACA_FITA.pdf
106,3,1,11-11-15 PEDIDO CONTACTORA 32A 24V,3,,2015-11-11T17:54:51.986+00:00,2015-11-23T11:49:48.193+00:00,O.S_23198_NOVEMBRO_CONTACTORA.pdf
107,3,1,11-11-15 PEDIDO COMPRESSOR ROTATIVO 24000 BTUS,3,,2015-11-11T17:56:19.929+00:00,2015-12-01T13:48:20.382+00:00,O.S_23518_NOVEMBRO_COMPRESSOR_24000.pdf
108,10,2,caneta ppu com bico,3,,2015-11-11T19:03:00.479+00:00,2015-11-12T11:20:53.252+00:00,
109,10,2,Recarga PPU,3,,2015-11-11T19:03:30.003+00:00,2015-11-12T11:20:59.400+00:00,
110,3,1,"12-11-15 PEDIDO SERVIÇO DE TORNO EM UMA POLIA 4"" FURO DO CENTRO COM 1"" E CHAVETA DE 8MM.",3,,2015-11-12T12:48:58.003+00:00,2015-11-24T16:23:23.212+00:00,
111,3,1,"13-11-15 PEDIDO ENG BRUNO CONTACTORA ,RELE E TEMPORIZADOR",3,,2015-11-13T10:42:28.524+00:00,2015-11-18T17:37:01.696+00:00,O.S_23750-23751_NOVEMBRO_CONTACTORA_RELE.pdf
112,3,1,13-11-15 PEDIDO MANUTENÇAO GERAL E USO EM INSTALAÇOES,3,,2015-11-13T10:47:10.739+00:00,2015-11-19T10:15:42.531+00:00,
113,3,1,13-11-15 PEDIDO ENG MARCOS- BICO DE MANGUEIRA PARA INCENDIO . O fornecimento se faz necessário e essencial devido as constates falhas no abastecimento de água dos reservatórios que fazem o suprimento das caixas de compensação.,2,,2015-11-13T11:44:28.244+00:00,2015-11-18T14:04:20.705+00:00,
114,4,6,"chave allen longa 1/8""",3,,2015-11-13T12:07:42.874+00:00,2015-11-19T10:16:21.721+00:00,
115,4,6,massa de calafetar,3,,2015-11-13T12:08:30.732+00:00,2015-11-17T17:58:08.447+00:00,
116,3,1,"13-11-15 PEDIDO COMPRESSOR ROTAIVO 24000
",3,,2015-11-13T13:10:50.240+00:00,2015-11-17T10:33:10.024+00:00,O.S_23810_NOVEMBRO_COMPRESSOR_24000.pdf
117,3,1,13-11-15 PEDIDO ENG BRUNO  TERMOSTATO PROPOCIONAL ITEM 179,3,,2015-11-13T16:41:06.100+00:00,2015-12-02T11:02:18.717+00:00,O.S_23754_NOVEMBRO_TERMOSTATO.pdf
119,3,1,13-11-15 PEDIDO LONA PARA COLARINHO DAS MAQUINAS,3,,2015-11-13T17:25:52.765+00:00,2015-11-24T13:23:46.092+00:00,
120,3,1,16-11-15 PEDIDO DO ENCARREGADO HELIO CONFECÇAO DE UM FURO NA POLIA DA MAQUINA DA TV-SENADO. FURO 19MM E CHAVETA 2MM,3,,2015-11-16T17:35:56.562+00:00,2015-11-26T13:34:06.761+00:00,
121,4,6,chapa galvanizada - entregar no SENADO FEDERAL - Serginaldo,3,,2015-11-17T11:20:11.440+00:00,2015-11-18T17:36:52.415+00:00,
122,4,6,material para obra,3,,2015-11-17T11:26:29.665+00:00,2015-11-19T10:17:13.384+00:00,
123,4,6,gás r22,3,,2015-11-17T11:28:51.150+00:00,2015-11-18T14:04:36.320+00:00,
124,4,6,saco de lixo,3,,2015-11-17T11:29:40.859+00:00,2015-11-17T17:58:36.895+00:00,
125,4,6,fita isolante,3,,2015-11-17T11:30:14.953+00:00,2015-11-17T17:58:26.109+00:00,
126,4,6,sabão em pó,3,,2015-11-17T11:31:25.095+00:00,2015-11-17T17:58:17.146+00:00,
127,10,2,Tubulação de cobre 1/4,3,,2015-11-17T12:19:44.803+00:00,2015-11-17T17:48:02.695+00:00,
128,10,2,Tubulação de cobre ½,3,,2015-11-17T12:20:08.863+00:00,2015-11-17T17:47:50.842+00:00,
129,10,2,Tubulação de cobre 3/8,3,,2015-11-17T12:20:26.164+00:00,2015-11-17T17:48:17.381+00:00,
130,10,2,Tubulação de cobre 5/8,3,,2015-11-17T12:21:26.371+00:00,2015-11-17T17:47:15.828+00:00,
131,10,2,Mangueira 1/4,3,,2015-11-17T12:21:52.088+00:00,2015-11-17T17:51:46.851+00:00,
132,10,2,Gás Refrigerante R-410,3,,2015-11-17T12:22:14.167+00:00,2015-11-17T18:55:46.173+00:00,
133,3,1,"17-11-15 PEDIDO ENG MARCOS HIDROMETRO 1/2"" CONFORME IMAGEM PARA CAIXA DE EXPANSAO DO ANEXO 1 - URGENTE",2,,2015-11-17T12:59:09.927+00:00,2015-11-18T14:00:02.022+00:00,image.png
134,4,6,uniforme Bruno - menor aprendiz,3,,2015-11-17T13:46:21.308+00:00,2015-11-19T10:16:55.393+00:00,
135,14,11,TROCA DE CORREIA,3,,2015-11-17T15:26:14.882+00:00,2015-12-01T13:48:44.088+00:00,
137,3,1,18-11-15 PEDIDO ENCARREGADO JOSÉ BARROS - COMPRESSOR ROTATIVO 18000 BTUS,3,,2015-11-18T10:32:53.892+00:00,2015-11-26T13:34:22.806+00:00,O.S_23887_NOVEMBRO_COMPRESSOR_18000.pdf
138,3,1,"18-11-15 PEDIDO ENCARREGADO JOSE BARROS - COMPRESSOR SCROLL 7,5TR COPELAND MOD. ZR81KC-TF7-523 380V - CONEXÃO ROSCADA",3,,2015-11-18T16:28:45.550+00:00,2015-11-20T12:25:32.199+00:00,O.S_23909_NOVEMBRO_COMPRESSOR_SCROLL_7.5TR.pdf
140,14,11,MATERIAL PARA FIXAR GRELHA DE EXAUSTOR,3,,2015-11-19T12:13:07.484+00:00,2015-12-01T13:49:01.454+00:00,
142,10,2,Flangeador 7/8,3,,2015-11-19T16:26:22.876+00:00,2015-11-19T19:04:32.089+00:00,
143,10,2,Cobre flexível 7/8,3,,2015-11-19T16:27:01.161+00:00,2015-11-19T18:19:27.904+00:00,
145,4,6,massa de calafetar - o pedido anterior foi baixado mas a massa não veio,1,,2015-11-19T16:53:01.838+00:00,2015-11-20T12:24:15.575+00:00,
146,10,2,"Pistão (Accurator) 0,061 – Para o modelo de máquina 38CCD036515MC",0,,2015-11-19T17:39:52.977+00:00,2015-11-19T17:39:52.977+00:00,
147,3,1,20-11-15 PEDIDO ENG BRUNO - MOTOR VENTILADOR PARA FANCOLET CASSETE  MOD. Modelo: 42GWCOO8-3 SERIE;Serial: 07ALI23750 E UM KIT PLACA ELETRONICA,3,,2015-11-20T10:40:46.246+00:00,2016-03-09T18:51:17.858+00:00,
148,3,1,O.S DO PEDIDO ANTERIOR,3,,2015-11-20T10:41:57.850+00:00,2016-01-05T10:39:31.615+00:00,O.S_23048_e_23913_NOVEMBRO_MOTOR_VENTILADOR_E_CONTROLE.pdf
149,3,1,"20-11-15 PEDIDO DO ENG MARCOS - 25CM DE MANGUEIRA EMBORRACHADA 1/2"" COM CONEXOES AEROQUIP-(MANGOTE) AS DUAS PONTAS COM ROSCA MACHO. DEPOIS MANDO A O.S ASSINADA PELO PAULO.",3,,2015-11-20T11:23:05.653+00:00,2015-12-01T13:49:25.802+00:00,
150,10,2,Tubulação de cobre flexível 3/4,3,,2015-11-23T16:48:24.105+00:00,2015-12-01T10:51:22.114+00:00,
151,10,2,Gás Refrigerante R-410A,3,,2015-11-23T16:48:50.298+00:00,2015-11-25T19:36:54.734+00:00,
152,10,2,Tubulação de cobre 7/8,3,,2015-11-23T16:50:10.122+00:00,2015-12-01T10:51:44.005+00:00,
153,3,1,"23-11-15PEDIDO ENCARREGADO JOSE BARROS - COMPRESSOR SCROLL 7,5TR COPELAND MOD. ZR81KC-TF7-523 380V - CONEXÃO ROSCADA",3,,2015-11-23T18:00:56.614+00:00,2015-12-02T11:03:15.440+00:00,O.S_23970_NOVEMBRO_COMPRESSOR_SCROLL_7.5TR.pdf
154,3,1,23-11-15 PEDIDO ENG MARCOS E ENCARREGADO ZE BARROS MATERIAL PARA ADAPTAÇAO DOS 2 (DOIS) COMPRESSOR SCROLL 7.5 TR,3,,2015-11-23T18:46:35.776+00:00,2015-12-02T11:03:51.139+00:00,
155,3,1,24-11-15 PEDIDO DE MATERIAL LIMPEZA,3,,2015-11-24T16:55:09.946+00:00,2015-11-25T19:36:42.223+00:00,
156,10,2,Isolamento térmico 1/2,3,,2015-11-25T11:05:28.981+00:00,2015-12-01T10:52:08.964+00:00,
157,10,2,Isolamento térmico 1/4,3,,2015-11-25T11:05:47.769+00:00,2015-12-01T10:52:26.422+00:00,
158,10,2,Isolamento térmico 3/4,3,,2015-11-25T11:06:12.139+00:00,2015-12-01T10:52:49.850+00:00,
159,10,2,Isolamento térmico 3/8,3,,2015-11-25T11:06:30.050+00:00,2015-12-01T10:53:07.804+00:00,
160,10,2,Isolamento térmico 5/8,3,,2015-11-25T11:06:53.125+00:00,2015-12-01T10:53:25.383+00:00,
161,10,2,Isolamento térmico 7/8,3,,2015-11-25T11:07:17.931+00:00,2015-12-01T10:54:11.978+00:00,
162,3,1,"25-11-15 PEDIDO ENCARREGADO JOSE BARROS - 02 MANGUEIRA EMBORRACHADA 1/2"" DE 1M COM CONEXOES MACHO.",3,,2015-11-25T11:18:49.570+00:00,2015-11-26T10:41:06.063+00:00,O.S24403_NOVEMBRO_MANGOTE.pdf
163,3,1,26-11-15 PEDIDO ENCARREGADO HELIO MATERIAL PARA SERVIÇO NO CHILLER DO PRODASEN,3,,2015-11-26T15:37:03.919+00:00,2015-12-11T13:53:40.484+00:00,O.S_24415_NOVEMBRO_FILTO_GAS_NITROGENIO_PRODASEN.pdf
164,3,1,"26-11-15 PEDIDO ENCARREGADO HELIO- VALVULA 2 VIAS 3/4"" T.A",3,,2015-11-26T15:38:37.741+00:00,2016-01-05T10:40:05.225+00:00,O.S_24431_NOVEMBRO_VALVULA.pdf
165,3,1,26-11-15 PEDIDO UNIFORMES PARA FUNCIONARIOS COM MAIS DE 6 MESES,3,,2015-11-26T15:39:59.029+00:00,2015-12-23T16:47:17.761+00:00,UNIFORMES_2210.xlsx
166,4,6,manutenção em fancoil - urgente,3,,2015-12-01T12:10:31.312+00:00,2015-12-16T12:57:49.671+00:00,
167,3,1,01-12-15 PEDIDO ENG BRUNO TERMINAIS,3,,2015-12-01T12:51:12.457+00:00,2015-12-07T17:24:27.446+00:00,
168,3,1,01-12-15 PEDIDO ENCARREGADO HELIO - COMPRESSOR 24000 BTUS,3,,2015-12-01T13:02:05.436+00:00,2015-12-01T16:15:10.497+00:00,O.S_24493_DEZEMBRO_COMPRESSOR_24000.pdf
169,3,1,01-12-15 PEDIDO ENG BRUNO CONTACTORA,3,,2015-12-01T17:57:51.415+00:00,2015-12-02T17:05:00.043+00:00,O.S_24473_DEZEMBRO_CONTACTORA.pdf
170,3,1,"01-12-15 PEDIDO ENG BRUNO E ENCARREGADO MAURO - VALVULA 1 1/4"" TRANE MOD.B239 TTARB24-SR ",2,,2015-12-01T18:01:10.690+00:00,2015-12-07T13:19:16.870+00:00,O.S_24485_DEZEMBRO_VALVULA.pdf
171,4,6,fusiveis,3,,2015-12-02T11:48:07.161+00:00,2015-12-02T17:04:38.718+00:00,
172,4,6,mascara descartavel,3,,2015-12-02T12:19:14.048+00:00,2015-12-02T18:49:04.097+00:00,
173,3,1,03-12-15 PEDIDO MANUTENÇAO GERAL,3,,2015-12-03T12:07:49.345+00:00,2015-12-07T17:24:00.214+00:00,
174,3,1,03-12-15 PEDIDO DIVERSOS- PLACA ELETRONICA-MOTOR VENTILADOR-EXAUSTOR-CONTROLE REMOTO.,3,,2015-12-03T15:47:00.592+00:00,2016-06-02T16:58:28.094+00:00,O.S_24449-24507-24538-24546-24547_DEZEMBRO.pdf
175,3,1,03-12-15 - PEDIDO ENG MARCOS ENCARREGADO HELIO- MATERIAL SERVIÇO DEMANDA INSTALAÇAO DE 2 FANCOLETS - GAB.04 DA ALA DINART MARIZ,3,,2015-12-03T16:01:38.683+00:00,2015-12-11T13:52:27.760+00:00,O.S_19873_DEZEMBRO_DEMANDA.pdf
176,10,2,Arrebite 3mm,3,,2015-12-03T19:27:24.929+00:00,2015-12-09T11:30:45.503+00:00,
177,10,2,Arrebite 4mm,3,,2015-12-03T19:27:53.533+00:00,2015-12-09T11:30:31.884+00:00,
178,10,2,Suporte para condensadora de 24000btus,3,,2015-12-03T19:28:21.592+00:00,2015-12-09T11:30:10.818+00:00,
179,10,2,Suporte para condensadora de 12000btus,3,,2015-12-03T19:28:44.289+00:00,2015-12-09T11:29:56.880+00:00,
180,14,11,"USO INTERNO,TROCA DE FILTRO DE LINHA",3,,2015-12-04T15:41:14.672+00:00,2015-12-14T16:01:16.251+00:00,
181,3,1,"PEDIDO DE CANCELAMENTO DO PEDIDO 170/2015 - VALVULA 3 VIAS 3/4""- CANCELADO.",2,,2015-12-04T16:04:00.784+00:00,2015-12-07T13:19:35.399+00:00,
182,4,6,equipamento de segurança,3,,2015-12-04T18:02:42.441+00:00,2016-01-05T11:27:39.187+00:00,
183,3,1,"04-12-15 PEDIDO DO ENG BRUNO VALVULA DE 2 VIAS 1 1/4"" PROPOCIONAL.",3,,2015-12-04T18:04:24.087+00:00,2015-12-30T12:36:46.882+00:00,O.S_24485_DEZEMBRO_VALVULA.pdf
184,3,1,04-12-15 PEDIDO MATERIAL ADM,3,,2015-12-04T18:25:45.751+00:00,2015-12-08T13:26:38.495+00:00,
185,3,1,04-12-15 PEDIDO DE MATERIAL PARA CONFECÇAO E TROCA DE FILTRO DAS MAQUINAS,3,,2015-12-04T18:38:11.338+00:00,2015-12-11T12:59:52.913+00:00,
186,3,1,07-12-15 PEDIDO ENG MARCOS- FILTRO SECADOR PARA USO NA INSTALAÇAO DOS 2 COMPRESSORES DE 7.5 TR,3,,2015-12-07T11:30:52.783+00:00,2015-12-11T18:14:44.302+00:00,
187,3,1,07-12-15 PEDIDO CONTACTORA,3,,2015-12-07T11:35:39.423+00:00,2015-12-09T10:42:37.934+00:00,O.S_24562_DEZEMBRO_CONTACTORA.pdf
188,3,1,07-12-15 PEDIDO DE PASTILHAS PARA USO NAS MAQUINAS,3,,2015-12-07T17:11:04.783+00:00,2016-06-02T16:57:28.336+00:00,
189,3,1,08-12-15 PEDIDO ENCARREGADO HELIO - COMPRESSOR 24000 BTUS,3,,2015-12-08T15:48:18.372+00:00,2015-12-14T16:00:20.961+00:00,O.S_24937_DEZEMBRO_compressor_24000_btus.pdf
190,4,6,gás r22,3,,2015-12-08T16:41:02.888+00:00,2015-12-17T14:22:08.531+00:00,
191,3,1,09-12-15 PEDIDO CHAPA GALVANIZADA,3,,2015-12-09T10:40:31.679+00:00,2015-12-10T19:35:40.305+00:00,O.S_23923-24751-24756_DEZEMBRO_CHAPA_GALVANIZADA.pdf
192,4,6,correias,1,,2015-12-09T16:39:46.260+00:00,2015-12-09T19:03:10.115+00:00,
193,3,1,"10-12-15 PEDIDO ENG MARCOS - 13,62KG DE GAS R-22 PARA BALANCEAMENTO DO SISTEMA DO CHILLER DO SERVIÇO MEDICO",3,,2015-12-10T12:18:24.056+00:00,2015-12-11T18:14:07.825+00:00,
194,3,1,10-12-15 PEDIDO ENCARREGADO HELIO COMPRESSOR 18000 BTUS,3,,2015-12-10T18:45:27.196+00:00,2015-12-14T16:00:44.299+00:00,O.S_24959_DEZEMBRO_COMPRESSOR_18000.pdf
195,3,1,14-12-15 PEDIDO ENCARREGADO HELIO - BOMBA DE BRENO PARA FANCOLET CASSETE CARRIER,3,,2015-12-14T18:21:47.901+00:00,2015-12-16T12:16:17.621+00:00,O.S_25384_DEZEMBRO_BOMBA_DRENO.pdf
196,10,2,Tubo de Cobre Flexível 1/2”,3,,2015-12-14T19:37:42.281+00:00,2015-12-17T14:22:34.891+00:00,
197,10,2,Tubo de Cobre Flexível 1/4”,3,,2015-12-14T19:38:47.427+00:00,2015-12-17T14:22:47.158+00:00,
198,10,2,Tubo de Cobre Flexível 3/8”,3,,2015-12-14T19:39:04.438+00:00,2015-12-17T14:22:24.085+00:00,
199,3,1,17-12-15 PEDIDO DO ENG BRUNO,3,,2015-12-17T13:08:31.572+00:00,2015-12-18T13:01:46.857+00:00,
200,3,1,17-12-15 PEDIDO DIVERSOS - PILHA SILICONE HELICE CAPACITOR,3,,2015-12-17T17:46:23.698+00:00,2016-01-08T11:41:38.505+00:00,
201,3,1,18-12-15 PEDIDO DE REGISTRO - ENCARREGADO RIBAMAR- PARA USO NA TUBULAÇAO DA TORRE DA CM3,2,,2015-12-18T12:36:12.425+00:00,2015-12-21T13:51:45.470+00:00,
202,3,1,18-12-15 PEDIDO - COMPRESSOR E EXAUSTOR,3,,2015-12-18T17:16:55.724+00:00,2015-12-23T16:45:04.259+00:00,O.S_25703-25889_DEZEMBRO_COMPRESSOR_24000_E_EXAUSTOR.pdf
203,4,6,serviço em torre de resfriamento,3,,2015-12-21T13:35:11.396+00:00,2015-12-28T11:19:31.376+00:00,
204,4,6,ponte retificadora,1,,2015-12-21T13:38:26.548+00:00,2015-12-22T19:44:20.410+00:00,
205,3,1,21-12-15 PEDIDO ENG MARCOS E ENCARREGADO HELIO - MATERIAL PARA TROCA DE TUBULAÇAO DA TV SENADO NO FOSSO.,3,,2015-12-21T15:32:09.718+00:00,2016-06-02T16:59:15.665+00:00,O.S_25721_DEZEMBRO_DEMANDA_TV_SENADO_FOSSO.pdf
206,3,1,21-12-15 PEDIDO ENG BRUNO - ACIONADOR MANUAL CONFORME AS FOTOS EM ANEXO,2,,2015-12-21T18:37:07.411+00:00,2016-01-20T17:57:48.300+00:00,O.S_25907_DEZEMBRO_ACIONADOR_MANUAL.pdf
207,3,1,22-12-15 PEDIDO DIVERSOS MANUTENÇAO GERAL.,3,,2015-12-22T11:30:12.807+00:00,2015-12-23T16:44:31.386+00:00,
208,3,1,22-12-15 PEDIDO ENG BRUNO CONTACTORA,3,,2015-12-22T12:02:42.618+00:00,2015-12-23T16:44:13.358+00:00,O.S_25910_DEZEMBRO_CONTACTORA.pdf
209,3,1,22-12-15 PEDIDO ENCARREGADO HELIO - CANO PVC PARA DRENO NO PRODASEN,3,,2015-12-22T16:38:08.337+00:00,2015-12-28T17:17:16.159+00:00,O.S_25906_DEZEMBRO_DEMANDA_DRENO.pdf
210,3,1,22-12-15 PEDIDO ENG. MARCOS E ENCARREGADO ZE BARROS - COMPRESSOR SCROLL 7.5 TR'S DA COPIL,3,,2015-12-22T17:16:16.317+00:00,2015-12-28T17:17:33.039+00:00,O.S_25924_DEZEMBRO_COMPRESSOR_SCROLL_7.5_TR_COPIL.pdf
211,3,1,"29-12-15 PEDIDO ENG MARCOS- FILTRO E GAS PARA USO NO SELF DA COPIL PARA INSTALAÇAO DO COMPRESSOR DE 7,5 TR",3,,2015-12-29T12:04:14.818+00:00,2016-01-06T12:52:51.770+00:00,
212,4,6,correias,3,,2015-12-30T18:04:00.480+00:00,2016-01-20T17:58:21.813+00:00,
213,4,6,motores elétricos queimados - rebobinar,3,,2016-01-04T11:40:04.610+00:00,2016-02-10T15:57:35.561+00:00,
214,3,1,05-01-16 PEDIDO DIVERSOS MANUTENÇAO GERAL,3,,2016-01-05T10:02:10.737+00:00,2016-01-05T11:29:24.888+00:00,
215,3,1,05-01-16 PEDIDO DO ENCARREGADO HELIO - ISOLAMENTO  DA TUBULAÇAO DO RESTAURANTE,3,,2016-01-05T15:41:58.674+00:00,2016-01-08T11:42:41.391+00:00,O.S_25957_JANEIRO_DEMANDA.pdf
216,3,1,05-01-16 PEDIDO CONTACTORA DE 25 A,3,,2016-01-05T15:44:49.835+00:00,2016-01-08T11:43:29.596+00:00,O.S_25935_JANEIRO_CONTACTORA.pdf
217,4,6,tylex,3,,2016-01-05T18:34:42.529+00:00,2016-01-08T11:43:07.452+00:00,
218,3,1,06-01-16 PEDIDO ENG BRUNO E ENCARREGADO MAURO - REBOBINAMENTO MOTOR 3 CV,3,,2016-01-06T18:41:19.833+00:00,2016-02-10T15:58:08.401+00:00,O.S_25951_JANEIRO_DEMANDA_REBOBINAMENTO_3_CV.pdf
219,3,1,07-01-16 PEDIDO DE COMPRESSOR E GRELHA,3,,2016-01-07T19:36:20.664+00:00,2016-04-29T13:45:46.576+00:00,O.S_25938_-_25982_JANEIRO_COMPRESSOR_E_GRELHA.pdf
220,3,1,07-01-16 PEDIDO DO JORGE PARA RIO DE JANEIRO,3,,2016-01-07T19:39:25.869+00:00,2016-01-25T12:41:20.770+00:00,O.S_25977_JANEIRO_MATERIAL_RIO_DE_JANEIRO.pdf
221,3,1,11-01-16 PEDIDO ENCARREGADO HELIO - CORREIA PARA OS FANCOILS DO PRODASEN,3,,2016-01-11T12:44:05.814+00:00,2016-01-14T10:53:38.846+00:00,
222,3,1,11-01-16 PEDIDO ENG BRUNO,3,,2016-01-11T19:07:48.816+00:00,2016-02-10T15:58:35.290+00:00,O.S_26008_JANEIRO_CONTACTORA.pdf
223,4,6,materiais - manutençao de cpd,3,,2016-01-12T16:47:59.829+00:00,2016-01-15T19:58:36.660+00:00,
224,3,1,12-01-16 PEDIDO ENG FRANCIS E ENCARREGADO HELIO - MATERIAL PARA INSTALAÇAO DE 2 SPLIT DUTADO NO GAB. 22 DA ALA TEOTNIO VILELA.,3,,2016-01-12T19:01:47.132+00:00,2016-03-07T19:27:09.738+00:00,O.S_26027_JANEIRO_DEMANDA_INSTALA_AO_GAB.22.pdf
225,3,1,12-01-16- PEDIDO ENG FRANCIS E ENCARREGADO JOSE BARROS - COMPRESSOR,3,,2016-01-12T19:03:04.269+00:00,2016-02-10T15:58:53.224+00:00,O.S_26030_JANEIRO_COMPRESSOR_18000.pdf
226,4,6,insumos manutenção,3,,2016-01-13T12:15:23.687+00:00,2016-02-10T15:59:33.355+00:00,
227,4,6,filtro carrier piso teto 38CCP060235MC,2,,2016-01-13T13:08:37.818+00:00,2016-01-25T10:56:40.046+00:00,
228,3,1,13-01-16 PEDIDO ENG BRUNO- MODULO TRANE,2,,2016-01-13T18:52:03.529+00:00,2016-06-03T17:42:24.763+00:00,O.S_26039_JANEIRO_PE_A_TRANE.pdf
229,4,6,materiais para manutenção,1,,2016-01-14T17:28:56.911+00:00,2016-02-11T13:14:31.437+00:00,
230,3,1,14-01-16 PEDIDO ENCARREGADO HELIO - EXAUSTOR,3,,2016-01-14T18:55:52.688+00:00,2016-02-10T15:59:09.110+00:00,O.S_26053_JANEIRO_EXAUSTOR_MURO_150.pdf
231,3,1,15-01-16 PEDIDO DO ENCARREGADO HELIO - CORREIA,3,,2016-01-15T10:32:25.215+00:00,2016-01-20T17:56:28.097+00:00,
232,3,1,15-01-16 PEDIDO ENG FRANCIS - SERVIÇO DE TORNO - ENCHIMENTO DE 2 TAMPAS DE MOTOR 3 CV POIS OS ROLAMENTOS ESTAO COM FOLGAS. OS ROLAMENTOS ESTAO INDO JUNTO COM AS TAMAPAS.,3,,2016-01-15T15:47:29.499+00:00,2016-02-10T15:59:54.155+00:00,
233,4,6,material limpreza,3,,2016-01-15T18:05:18.186+00:00,2016-01-20T17:44:37.623+00:00,
234,4,6,compressor 5TR,3,,2016-01-15T18:06:08.185+00:00,2016-02-10T15:57:10.264+00:00,
235,4,6,material troca compressor,3,,2016-01-15T19:17:46.567+00:00,2016-02-10T16:00:13.118+00:00,
236,3,1,19-01-2016 PEDIDO DO ENCARREGADO HELIO ISOLAMENTO DA TUBULAÇÃO DA ALA DINARTE MARIZ. ,2,,2016-01-19T17:19:56.745+00:00,2016-01-19T18:34:24.884+00:00,O.S_26063_JANEIRO_ESPONJOSO_E_FITA_ARMAFLEX.pdf
237,4,6,adaptador de tomada,1,,2016-01-19T18:24:50.374+00:00,2016-02-11T18:37:26.891+00:00,
238,4,6,Rolamento,3,,2016-01-19T19:04:03.994+00:00,2016-02-10T16:01:40.994+00:00,
239,3,1,20-01-2016 PEDIDO DO ENCARREGADO HELIO ISOLAMENTO DA TUBULAÇÃO DA ALA DINARTE MARIZ.,3,,2016-01-20T18:39:49.758+00:00,2016-02-10T16:00:42.325+00:00,O.S_26063_JANEIRO_DEMANDA_ESPONJOSO.pdf
240,3,1,20-01-2016 PEDIDO DO ENCARREGADO HELIO ISOLAMENTO TÉRMICO DA TUBULAÇÃO DE ÁGUA GELADA NA GELADEIRA. ,3,,2016-01-20T18:52:41.491+00:00,2016-02-10T16:01:22.710+00:00,O.S_26097_JANEIRO_DEMANDA_ESPONJOSO_6p_.pdf
241,4,6,fusíveis,3,,2016-01-21T11:34:41.632+00:00,2016-02-10T15:56:37.809+00:00,
242,4,6,LONA,1,,2016-01-21T12:24:27.717+00:00,2016-02-11T13:15:58.390+00:00,
243,4,6,"SACA POLIA - URGENTE. Polia de 600 mm. Senão tiver desse tamanho, que seja o MAIOR SACA POLIA que a entherm tiver DE 2 PERNAS.",3,,2016-01-21T12:28:48.310+00:00,2016-01-27T17:23:24.107+00:00,
244,4,6,motor elétrico - rebobinamento e embuchamento,3,,2016-01-21T17:50:01.099+00:00,2016-01-28T12:43:36.964+00:00,
245,3,1,21-01-2016 PEDIDO DO ENGENHEIRO BRUNO BATERIAS DA CENTRAL DE ALARMES E INCÊNDIO DO ANEXO 1  ,3,,2016-01-21T17:50:32.447+00:00,2016-04-28T11:43:33.411+00:00,O.S_26483_JANEIRO_CONJUNTO_DE_BATERIA.pdf
246,14,11,MATERIAS PARA LIMPEZA E MANUTENÇAO,3,,2016-01-22T18:43:44.116+00:00,2016-02-10T16:01:04.066+00:00,
247,4,6,correias,3,,2016-01-25T16:19:56.471+00:00,2016-02-04T14:46:29.707+00:00,
248,4,6,confeccionar extensão de fio,1,,2016-01-27T11:47:02.962+00:00,2016-02-11T13:36:30.447+00:00,
249,3,1,27-01-2016 TELA ARTÍSTICA ,3,,2016-01-27T15:58:11.658+00:00,2016-04-29T13:46:22.355+00:00,
250,3,1,27-01-2016 MASTER PLUS ,2,,2016-01-27T16:00:05.269+00:00,2016-01-27T17:24:18.959+00:00,
251,3,1,27-01-2016 MASTER PLUS,3,,2016-01-27T16:01:26.172+00:00,2016-04-29T13:46:47.673+00:00,
252,3,1,28-01-2016 PEDIDO DO ENCARREGADO RIBAMAR PARA O ANEXO 1,3,,2016-01-28T11:34:16.980+00:00,2016-04-29T13:47:22.247+00:00,O.S_26552_JANEIRO_DEMANDA_JOELHO_E_LUVA.pdf
253,3,1,"28-01-2016 PEDIDO DO ENCARREGADO MAURO PEREIRA FOI IDENTIFICADO QUE O MOTOR DO FANCOIL ESTAVA COM AS BOBINAS ABERTAS NECESSÁRIO REBOBINAMENTO PARA CORREÇÃO.
OBS: ESTOU MANDANDO O MOTOR.  ",3,,2016-01-28T17:43:10.059+00:00,2016-04-29T13:48:01.244+00:00,O.S_26572_JANEIRO_DEMANDA_REBOBINAMENTO_.pdf
254,3,1,29-01-2016 PEDIDO DO ENCARREGADO MAURO SUBSTITUIÇÃO DE DISJUNTOR  ,3,,2016-01-29T17:56:45.847+00:00,2016-04-29T13:48:30.215+00:00,O.S_26580_JANEIRO_DIJUNTOR.pdf
255,4,6,correias a40,3,,2016-02-01T11:50:41.622+00:00,2016-02-04T14:46:01.728+00:00,
256,4,6,"compressor 7,5 TR - é melhor recondicionar",1,,2016-02-01T11:52:07.051+00:00,2016-02-05T14:10:39.657+00:00,
257,3,1,01-02-2016 PEDIDO DO ENCARREGADO HELIO ROLAMENTO PARA ALA ALEXANDRE COSTA.,3,,2016-02-01T16:00:58.489+00:00,2016-02-10T15:53:41.022+00:00,O.S_26587_FEVEREIRO_ROLAMENTO_.pdf
258,3,1,01-02-2016 PEDIDO DO ENCARREGADO JOSE BARROS SUBSTITUIÇÃO DE ACOPLAMENTO. OBS: ESTAREI MANDANDO O ACOPLAMENTO QUEBRADO.,3,,2016-02-01T17:01:07.137+00:00,2016-02-05T17:22:05.458+00:00,O.S_26589_FEVEREIRO_ACOPLAMENTO.pdf
259,3,1,01-02-2016 PEDIDO DO ENGENHEIRO FRANCES GÁS R22 ,3,,2016-02-01T19:30:50.742+00:00,2016-02-04T14:45:46.347+00:00,
260,3,1,"02-02-2016 PEDIDO DO ENG FRANCIS, CORDA POIS ESTAMOS PRECISANDO.",3,,2016-02-02T17:16:56.766+00:00,2016-04-29T13:48:58.494+00:00,
261,4,6,r22,3,,2016-02-02T18:46:38.483+00:00,2016-02-04T14:45:31.722+00:00,
262,3,1,"03-02-2016 PEDIDO DO ENCARREGADO HELIO COMPRESSOR, ALA ALEXANDRE COSTA.",3,,2016-02-03T11:23:01.542+00:00,2016-02-04T12:01:08.857+00:00,O.S_26591_FEVEREIRO_COMPRESSOR_.pdf
263,3,1,"03-02-2016 AQUISIÇÃO DE CONTROLE REMOTO, PRESIDENCIA.",3,,2016-02-03T11:40:36.167+00:00,2016-02-29T18:52:36.923+00:00,O.S_26551_FEVEREIRO_CONTROLE_SEM_FIO_CARRIER_.pdf
264,4,6,pilhas D,3,,2016-02-03T12:10:56.823+00:00,2016-02-04T14:45:17.456+00:00,
265,4,6,fita prata,3,,2016-02-03T17:27:37.712+00:00,2016-02-04T14:37:54.170+00:00,
266,3,1,"03-02-2016 PEDIDO DO ENCARREGADO HELIO COMPRESSOR, ALA TEOTÔNIO VILELA.",3,,2016-02-03T19:07:25.032+00:00,2016-02-10T15:55:26.305+00:00,O.S_26654_FEVEREIRO_COMPRESSOR_18btu_.pdf
267,3,1,"03-02-2016 CONTATOR, RESIDENCIA OFICIAL.",3,,2016-02-03T19:14:23.947+00:00,2016-02-10T15:54:02.836+00:00,O.S_26638_FEVEREIRO_CONTATOR_.pdf
268,3,1,"04-02-2016 PEDIDO DO ENCARREGADO MAURO EXAUSTOR, ALA TEOTONIO VILELA.",3,,2016-02-04T10:53:34.305+00:00,2016-04-29T13:49:48.754+00:00,O.S_26633_FEVEREIRO_EXAUSTOR__.pdf
269,3,1,04-02-2016 PEDIDO DO ENCARREGADO HELIO BOMBA DE DRENO.,3,,2016-02-04T10:59:19.366+00:00,2016-02-05T14:18:19.690+00:00,O.S_26656_FEVEREIRO_BOMBA_DE_DRENO__.pdf
270,3,1,04-02-2016 PEDIDO DO ENCARREGADO HELIO CORREIA. ,3,,2016-02-04T11:10:20.634+00:00,2016-02-10T15:55:52.695+00:00,O.S_26661_FEVEREIRO_DEMANDA_CORREIA__.pdf
271,3,1,04-02-2016 PEDIDO DO ENCARREGADO JOSE BARROS MOTOR PARA CONDENSADORA DE SPLIT. OBS: ESTAREI MANDANDO O MOTOR ESTRAGADO. ,3,,2016-02-04T11:19:35.332+00:00,2016-04-28T11:45:12.422+00:00,O.S_26617_FEVEREIRO_MOTOR_PARA_CONDENSADORA_SPLIT_.pdf
272,4,6,fita isolante,1,,2016-02-04T13:08:56.113+00:00,2016-02-11T13:14:39.080+00:00,
273,3,1,"04-02-2016 PEDIDO DO ENCARREGADO MAURO E ENG BRUNO, PORTA-FUSÍVEL E FUSÍVEL PARA ALA ALEXANDRE COSTA.",3,,2016-02-04T19:52:04.432+00:00,2016-06-02T14:16:44.595+00:00,O.S_26686_FEVEREIRO_PORTA-FUSIVEL__.pdf
274,4,6,poliuretano expansível,1,,2016-02-05T12:25:06.579+00:00,2016-02-11T13:15:00.214+00:00,
275,4,6,"correias para CPD - favor mandar correias de primeira linha, as de baixa qualidade não duram nem 3 meses",1,,2016-02-10T17:42:39.187+00:00,2016-02-11T16:13:42.860+00:00,
276,3,1,"11-02-2016 PEDIDO CHAPA DE AÇO GALVANIZADO PARA ALA ALEXANDRE COSTA, GABINETE 9.",3,,2016-02-11T16:03:14.025+00:00,2016-03-09T18:50:24.364+00:00,O.S_26679_FEVEREIRO_CHAPA_DE_A_O__.pdf
277,3,1,11-02-2016 PEDIDO DO ENCARREGADO HELIO TROCA DE COMPRESSOR ANEXO 2 ALA TEOTÔNIO VILELA.,3,,2016-02-11T16:33:16.912+00:00,2016-04-28T11:47:33.005+00:00,O.S_26690_FEVEREIRO_COMPRESSOR_ROTATIVO_.pdf
278,3,1,"11-02-2016 PEDIDO DO ENCARREGADO JOSE BARROS COTRAN, PAVIMENTO TÉRREO. ",3,,2016-02-11T16:43:23.513+00:00,2016-04-28T11:48:05.840+00:00,O.S_26641_FEVEREIRO_COMPRESSOR_3_2_TR_.pdf
279,3,1,11-02-2016 PEDIDO DO ENCARREGADO JOSE BARROS COMPRESSOR.,3,,2016-02-11T17:00:58.327+00:00,2016-04-28T11:49:02.415+00:00,O.S_26642_FEVEREIRO_COMPRESSOR_3_2_TR_.pdf
280,3,1,11-02-2016 VÁLVULA DE BALANCEAMENTO PARA ALA FILINTO MULLER GAB 06. ,3,,2016-02-11T17:08:24.668+00:00,2016-04-28T11:49:38.780+00:00,O.S_26682_FEVEREIRO_VALVULA_DE_BALANCEAMENTO__.pdf
281,3,1,11-02-2016 TROCA DE COMPRESSOR UNIDADE DE APOIO 3.,3,,2016-02-11T17:29:17.649+00:00,2016-04-28T11:50:24.429+00:00,O.S_26905_FEVEREIRO_COMPRESSOR_.pdf
282,3,1,15-02-2016 PEDIDO DO ENCARREGADO JOSE BARROS ROLAMENTO.,3,,2016-02-15T10:55:48.714+00:00,2016-04-28T11:50:59.116+00:00,O.S_26906_FEVEREIRO_ROLAMENTOS_C3_.pdf
283,4,6,fita de empacotamento,3,,2016-02-15T11:48:47.159+00:00,2016-02-19T11:13:48.872+00:00,
284,4,6,protetor auricular tipo plugue,3,,2016-02-15T11:52:40.232+00:00,2016-03-10T20:18:33.622+00:00,
285,3,1,15-02-2016 PEDIDO PARA RESIDENCIA OFICIAL.,3,,2016-02-15T12:06:43.760+00:00,2016-02-23T17:18:49.661+00:00,O.S_26688_FEVEREIRO_PLACA_ELETRONICA_.pdf
286,4,6,insumos para limpeza,3,,2016-02-17T13:25:17.929+00:00,2016-02-19T11:13:17.007+00:00,
287,4,6,mascara para poeira,3,,2016-02-17T13:26:27.006+00:00,2016-02-19T11:18:57.984+00:00,
288,4,6,insumos limpeza II,3,,2016-02-17T17:14:20.613+00:00,2016-02-19T11:13:33.718+00:00,
289,4,6,protetor de correia,3,,2016-02-17T17:15:20.529+00:00,2016-02-19T11:18:51.378+00:00,
290,3,1,18-02-16 PEDIDO ENG FRANCYS- MATERIAL DIVERSO PARA A MAUTENÇAO GERAL,2,,2016-02-18T16:48:30.805+00:00,2016-06-02T16:59:48.737+00:00,
293,4,6,óleo b-52,3,,2016-02-19T13:38:21.187+00:00,2016-02-23T17:18:56.397+00:00,
294,3,1,19-02-16 PEDIDO DIVERSOS - CONTACTORA-COMPRESSORES-VALVULA-PLACA ELETRONICA E OUTROS,3,,2016-02-19T17:01:22.165+00:00,2016-05-31T13:57:49.204+00:00,O.S_26281_ate_O.S_27471_DIVERSOS_FEVEREIRO.pdf
295,3,1,19-02-16 PEDIDO COMPRESSOR 24000,3,,2016-02-19T17:03:08.394+00:00,2016-02-22T14:01:29.279+00:00,O.S_26905_FEVEREIRO_COMPRESSOR_24000.pdf
296,3,1,23-02-16 PEDIDO DO JORGE AIRTON - COMPRESSOR 12000 BTUS PARA A RESIDENCIA OFICIAL DA 309 SUL BLOCO G APT 601,3,,2016-02-23T12:10:07.308+00:00,2016-05-31T20:05:10.646+00:00,O.S_27528_FEVEREIRO_COMPRESSOR_12000_.pdf
297,3,1,23-02-16 PEDIDO DO ENG FRANCY - ELETRODO ,3,,2016-02-23T12:40:05.613+00:00,2016-02-24T14:31:22.662+00:00,
299,3,1,"24-02-16 PEDIDO ENG FRANCIS - MANUTENÇAO EM DOIS LAVA JATO ELETROLUX E KARCHER MANTUTENÇAO GERAL - ESTAO SEM PRESSAO ,RODAS,VAZAMENTOS, MANGUEIRA DA PISTOLA.",3,,2016-02-24T17:03:19.416+00:00,2016-04-28T11:51:48.709+00:00,
300,3,1,24-02-16 PEDIDO DO ENCARREGADO JOSE BARROS - MANGUEIRA DO CHILLER MOD. E227386E NS.1108B37241 CARRIER.,3,,2016-02-24T18:01:35.273+00:00,2016-05-31T13:45:43.988+00:00,
301,4,6,oleo b 52,3,,2016-02-24T18:13:52.565+00:00,2016-02-29T18:47:52.890+00:00,
302,4,6,correias para CPD - favor mandar correias de qualidade,0,,2016-02-25T13:27:11.165+00:00,2016-02-25T13:27:11.165+00:00,
303,10,2,tirante de 3/8 com a barra de 3 metros – 4 barras,3,,2016-02-25T13:37:54.550+00:00,2016-03-08T14:51:52.648+00:00,
304,3,1,"25-02-16 PEDIDO ENG FRANCIS - MANGOTE DE 1/2"" MED. 85CM COM CONEXAO MACHO E FEMEA DE 3/4"" - IGUAIS PEDIDOS ANTERIORES.",3,,2016-02-25T17:15:19.640+00:00,2016-02-29T18:47:44.202+00:00,
305,4,6,rolamentos,1,,2016-02-25T18:07:30.744+00:00,2016-03-02T12:18:14.396+00:00,
306,3,1,26-02-16 PEDIDO ENG FRANCIS - VALVULA DE 2 VIAS T.A - O.S É REFERENTE AO PEDIDO DO MANGOTE.,3,,2016-02-26T18:24:30.191+00:00,2016-04-29T13:56:03.996+00:00,O.S_27632_FEVEREIRO_valvula_2_VIAS.pdf
308,3,1,29-02-16 PEDIDO ENG BRUNO- TEMPORIZADOR ELETRONICO E EXAUSTOR MURO,3,,2016-02-29T16:27:32.371+00:00,2016-03-07T19:06:04.796+00:00,O.S_27740_E_27744_MAR_O_2016.pdf
309,3,1,29-02-16 PEDIDO ENG FRANCIS MATERIAL DIVERSOS,3,,2016-02-29T16:34:10.102+00:00,2016-04-28T11:52:47.719+00:00,
310,19,25,pedido teste,0,,2016-02-29T17:50:33.668+00:00,2016-02-29T17:50:33.668+00:00,
311,3,1,01-03-16 PEDIDO ENG FRANCIS - MATERIAL DIVERSOS,3,,2016-03-01T17:22:33.510+00:00,2016-03-07T19:05:50.619+00:00,
312,4,6,EPI,1,,2016-03-01T18:08:54.207+00:00,2016-03-02T12:25:47.752+00:00,
313,3,1,02-03-16 PEDIDO DO ENG FRANCIS E ENCARREGADO ZE BARROS - COMPRESSOR E REBOBINAMENTO DE MOTOR 2CV,3,,2016-03-02T12:14:44.102+00:00,2016-03-09T13:44:48.318+00:00,O.S_27764_E_27787_MAR_O_COMPRESSOR_36_2016.pdf
314,3,1,02-03-16 PEDIDO DO ENCARREGADO ZE BARROS - SENSORES PARA SPLIT CARRIER,3,,2016-03-02T12:25:18.940+00:00,2016-03-09T13:44:27.025+00:00,DSC03183_-_C_pia.JPG
315,3,1,02-03-16 PEDIDO ENCARREGADO MAURO - MOTOR 2 EIXOS MOD.915860621 REF.25901160 WEG,3,,2016-03-02T14:01:36.844+00:00,2016-06-24T11:37:40.569+00:00,O.S_27791_MAR_O_2016_MOTOR_2_EIXOS.pdf
316,4,6,insumos manutenção,3,,2016-03-02T14:35:18.268+00:00,2016-03-09T13:44:15.166+00:00,
317,3,1,"02-03-16 PEDIDO ENG FRANCIS - VALVULA DE 2 VIAS 3/4"" T.A",3,,2016-03-02T16:37:45.774+00:00,2016-04-28T11:53:24.473+00:00,O.S_277810_E_27811_MAR_O_2016_VALVULAS.pdf
318,3,1,04-03-16 PEDIDO ENG BRUNO ENCARREGADO MAURO - MOTOR EIXO DUPLO E DISJUNTOR 25A,3,,2016-03-04T16:47:41.556+00:00,2016-03-11T12:42:07.458+00:00,O.S_27855_E_27871_MAR_O_MOTOR_DISJUNTOR_2016.pdf
319,3,1,04-03-16 PEDIDO JORGE AIRTON - COMPRESSOR 60000BTUS TV SENADO RECIFE-PE. VER COM O JORGE O ANDAMENTO.,3,,2016-03-04T16:49:39.679+00:00,2016-05-31T20:04:24.467+00:00,O.S_27874_MAR_O_COMPRESSOR_60000_BTUS_RECIFE_2016.pdf
320,4,6,levar eixo para enchimento e providenciar as seguintes peças:,3,,2016-03-04T17:12:27.616+00:00,2016-03-08T17:10:03.454+00:00,
321,4,6,terminais elétricos,3,,2016-03-04T17:37:52.966+00:00,2016-03-09T13:44:04.521+00:00,
322,3,1,08-03-16 PEDIDO ENG FRANCIS - CORREIA PILHA GAS E DIVERSOS,3,,2016-03-08T11:32:10.869+00:00,2016-03-22T11:52:50.183+00:00,
323,3,1,09-03-16 PEDIDO ENG FRANCIS - MATERIAL PARA INSTALAÇAO DE 2 SPLIT DUTADO NO GAB.22 COMPLEMENTO DO PEDIDO 224.,3,,2016-03-09T11:44:03.177+00:00,2016-03-22T11:51:19.707+00:00,
324,4,6,filtros de oleo para chiller york - part number: 026 32831 000,0,,2016-03-09T12:05:51.717+00:00,2016-03-09T12:05:51.717+00:00,
325,4,6,filtros de oleo para chiller york - part number: 026 32831 000,0,,2016-03-09T12:05:55.901+00:00,2016-03-09T12:05:55.901+00:00,
326,4,6,"abraçadeira de nylon 4,8 x 350 mm",0,,2016-03-09T12:07:43.837+00:00,2016-03-09T12:07:43.837+00:00,
329,4,6,lixa - desconsiderar os anteriores,3,,2016-03-09T13:48:41.105+00:00,2016-03-30T11:57:45.161+00:00,
330,3,1,09-03-16 PEDIDO DO ENG FRANCIS - ROLAMENTO E GAS 410,3,,2016-03-09T18:52:17.234+00:00,2016-03-22T11:54:35.716+00:00,
331,3,1,10-03-16 PEDIDO ENG BRUNO - PLACA ELETRONICA E SENSORES,3,,2016-03-10T12:25:11.759+00:00,2016-03-30T11:48:15.594+00:00,O.S_27873_MAR_O__2016_PLACA.pdf
332,4,6,plug 3/8 npt 70/7 - selo para compressor de self,0,,2016-03-10T13:02:36.342+00:00,2016-03-10T13:02:36.342+00:00,
333,4,6,para uso importante,0,,2016-03-10T13:06:43.005+00:00,2016-03-10T13:06:43.005+00:00,
334,3,1,10-03-16 PEDIDO ENG. BRUNO - ACIONADOR MAMUAL TIPO QUEBRA VIDRO MOD. 6000/BGK,0,,2016-03-10T13:54:46.742+00:00,2016-03-10T13:54:46.742+00:00,O.S_28313_MAR_O_2016_ACIONADOR.pdf
335,3,1,11-03-16 PEDIDO ENG. FRANCIS E ENCARREGADO HELIO MATERIAL PARA DRENO DAS MAQUINAS DA TV SENADO. URGENTE,3,,2016-03-11T16:35:08.839+00:00,2016-03-30T11:48:00.061+00:00,
336,3,1,14-03-16 PEDIDO ENG FRANCIS - COMPRESSOR 24000BTUS,3,,2016-03-14T13:37:43.994+00:00,2016-03-22T11:46:23.037+00:00,O.S_28516_MAR_O_2016_COMPRESSOR_24000.pdf
337,10,2,helice motor ventilador / condesador ref.: 17604014,0,,2016-03-14T18:20:29.500+00:00,2016-03-14T18:20:29.500+00:00,
338,4,6,trena,0,,2016-03-15T13:19:23.098+00:00,2016-03-15T13:19:23.098+00:00,
339,3,1,15-03-16 PEDIDO DO ENG FRANCIS E BRUNO - BOMBA DE DRENO - MOTOR PARA CONDENSADORA- CONTROLE REMOTO- CHAVE DE FLUXO E REBOBINAMENTO DE MOTOR.,3,,2016-03-15T16:19:05.767+00:00,2016-06-02T17:00:25.961+00:00,O.S_27784_A_28678_MAR_O_2016.pdf
340,3,1,"16-03-16 PEDIDO ENG FRANCIS - MATERIAL URGENTE PARA INSTALAÇAO DE UM FANCOLET DUTADO.
COM INICIO NO DIA 17.03.16 URGENTE",3,,2016-03-16T11:53:36.457+00:00,2016-03-22T11:45:24.511+00:00,
341,4,6,tylex,0,,2016-03-16T12:28:43.747+00:00,2016-03-16T12:28:43.747+00:00,
342,10,2,Pen drive pra ser utilizado na coleta do ponto.,0,,2016-03-16T17:37:09.253+00:00,2016-03-16T17:37:09.253+00:00,
344,4,6,terminais elétricos e conectores,1,,2016-03-17T12:37:10.742+00:00,2016-03-22T11:52:04.447+00:00,
345,3,1,17-03-16 PEDIDO ENG FRANCIS - ROLAMENTOS MOD. G 1104 GRRB AS2/V,3,,2016-03-17T17:55:16.711+00:00,2016-04-29T13:58:53.783+00:00,
346,3,1,17-03-16 PEDIDO ENG BRUNO - EXAUSTORES MURO 150,3,,2016-03-17T18:52:06.053+00:00,2016-04-28T11:54:50.769+00:00,O.S_27833_E_28685_MAR_O_EXAUSTOR_2016.pdf
347,3,1,17-03-16 PEDIDO ENG BRUNO - REBOBINAMENTO MOTOR TRIFASICO 12.5 CV,3,,2016-03-17T19:16:35.158+00:00,2016-03-30T11:58:12.035+00:00,O.S_29086_MAR_O_2016.pdf
348,3,1,18-03-16 PEDIDO ENG BRUNO- MATERIAIS DIVERSOS PARA MANUTENÇAO DA ELETRICA.,3,,2016-03-18T12:04:51.218+00:00,2016-04-29T13:56:57.730+00:00,
349,4,6,peças para conserto do lava jato,0,,2016-03-18T14:02:12.872+00:00,2016-03-18T14:02:12.872+00:00,
350,3,1,"22-03-16 PEDIDO ENCARREGADO RIBAMAR - REGISTRO DE ESFERA 1/2"" - PARA USO NAS BAG DA CM3",3,,2016-03-22T12:27:02.877+00:00,2016-03-30T11:47:11.878+00:00,
351,3,1,22-03-16 PEDIDO ENCARREGADO JOSE BARROS - CONTROLE REMOTO,3,,2016-03-22T17:14:50.494+00:00,2016-04-28T11:55:29.716+00:00,O.S_29118_MAR_O__2016.pdf
352,4,6,cartucho de tinta,3,,2016-03-22T17:51:07.096+00:00,2016-03-28T12:39:53.846+00:00,
353,4,6,rolamento,3,,2016-03-23T19:41:29.757+00:00,2016-03-30T11:57:58.242+00:00,
354,3,1,28-03-16 PEDIDO ENG FRANCIS - CORREIAS PARA USO EM FANCOILS E SELFS,3,,2016-03-28T18:27:28.509+00:00,2016-03-30T11:48:24.870+00:00,
355,3,1,PEDIDO ENG FRANCIS - MATERIAL PARA LIMPEZA DE MAQUINAS ,3,,2016-03-29T13:06:19.892+00:00,2016-03-30T13:39:17.237+00:00,
356,3,1,29-03-16 - PEDIDO ENG FRANCIS - CONTROLE- COMPRESSOR- ACOPLAMENTO,3,,2016-03-29T14:25:42.004+00:00,2016-04-28T11:56:00.179+00:00,O.S_29358.29376.29439.29440_MAR_O__2016.pdf
357,3,1,29-03-16 PEDIDO ENG FRANCIS - MATERIAL DIVERSOS,3,,2016-03-29T17:19:32.824+00:00,2016-05-31T19:22:04.152+00:00,
358,3,1,30-03-16 PEDIDO ENG FRANCIS - COMPRESSOR CONTACTORA COLA,3,,2016-03-30T18:49:00.459+00:00,2016-04-28T11:57:16.685+00:00,O.S_29493_E_29496_MAR_O_2016.pdf
359,3,1,31-03-16 PEDIDO ENG FRANCIS - MANCAL PARA ROLAMENTO - MANDAREI A AMOSTRA PELO MOTORISTA,3,,2016-03-31T18:36:20.861+00:00,2016-04-28T11:57:47.400+00:00,
360,4,6,rolamento,3,,2016-04-01T12:40:18.793+00:00,2016-04-19T11:58:14.925+00:00,
361,4,6,etiquetadora,3,,2016-04-04T17:26:52.875+00:00,2016-04-19T11:57:57.898+00:00,
362,3,1,04-04-16 PEDIDO ENG FRANCIS - COMPRESSOR 24000BTUS E REBOBINAMENTO MOTOR 5 CV. EXAUSTOR MURO 150,3,,2016-04-04T20:03:54.668+00:00,2016-04-19T11:58:27.165+00:00,O.S_29555_E_29557_MES_DE_ABRIL_2016.pdf
363,3,1,05-04-16 PEDIDO ENG FRANCIS E ENCARREGADO ZE BARROS - CARENAGEM DE SPLIT CARRIER - CONFORME AMOSTRA - VAMOS MANDAR PELO MOTORISTA.,3,,2016-04-05T13:05:49.213+00:00,2016-04-19T11:58:38.498+00:00,
364,3,1,05-04-16 PEDIDO ENG FRANCIS E ENCARREGADO RIBAMAR - ROLAMENTO 6314C3 URGENTE PARA AMANHA TROCAR NA BOMBA DA CM3,3,,2016-04-05T16:25:33.464+00:00,2016-04-07T16:59:58.938+00:00,
365,3,1,05-04-16 PEDIDO ENG FRANCIS - MANTA FILTRANTE PARAFUSOS BROCAS,3,,2016-04-05T18:02:56.672+00:00,2016-05-31T13:44:26.250+00:00,
366,3,1,05-04-16 PEDIDO ENG FRANCIS E ENCARREGADO ZE BARROS - GAS R-22  - PARA USO NO SELF DA COEDIT E GAS 141B PARA USO NA LIMPEZA DE SISTEMAS NA TROCA DE COMPRESSORES QUEIMADOS.,3,,2016-04-05T19:17:17.356+00:00,2016-04-19T11:59:14.185+00:00,
367,3,1,06-04-16 PEDIDO FRANCIS - ESCOVA CARVAO PARA FURADEIRA BOSCH GSB 13 RE,2,,2016-04-06T13:46:02.768+00:00,2016-06-02T16:41:18.535+00:00,
368,3,1,07-04-16 PEDIDO ENG FRANCIS - CONTACTORA - CORREIAS  E OVERHAUL DA BOMBA E ROLAMENTO,3,,2016-04-07T13:46:15.240+00:00,2016-04-19T12:00:38.579+00:00,O.S_29857.30780_E_30781_MES_DE_ABRIL_2016.pdf
369,3,1,07-04-16 PEDIDO ENG FRANCIS - MOTOR ELETRICO EIXO DUPLO,2,,2016-04-07T19:24:57.558+00:00,2016-06-02T17:01:18.361+00:00,O.S_29589_._30774_._30802_MES_DE_ABRIL_2016.pdf
370,3,1,"07-04-16 PEDIDO ENG FRANCIS -  ISOLAMENTOS 3/4"" FITA E COLA",3,,2016-04-07T19:35:28.200+00:00,2016-04-12T11:54:24.376+00:00,O.S_30796_DEMANDA_MES_DE_ABRIL_2016.pdf
371,4,6,insumos para manutenção,3,,2016-04-07T19:45:11.743+00:00,2016-04-19T12:12:57.731+00:00,
372,14,11,MANUTENÇAO E LIMPEZA,3,,2016-04-11T17:27:11.284+00:00,2016-04-13T17:19:26.140+00:00,
373,4,6,espuma expansível,3,,2016-04-11T20:26:11.641+00:00,2016-04-12T11:36:39.887+00:00,
374,3,1,12-04-16 PEDIDO ENG FRANCIS MATERIAL PARA INSTALAÇAO DE UM SPLIT NO GAB. 06 DA ALA TEOTONIO VILELA. INICIO DA OBRA DIA 16 DE ABRIL - URGENTE,3,,2016-04-12T13:58:51.140+00:00,2016-04-13T17:18:53.494+00:00,
375,3,1,13-04-16 PEDIDO ENG FRANCIS - MANTA HELICE SILICONE REBITE DIVERSOS,2,,2016-04-13T12:29:06.134+00:00,2016-06-02T14:19:05.953+00:00,
376,3,1,13-04-16 PEDIDO ENG FRANCIS - COMPRESSOR 24000 BTUS PAPAEL A-4 GAS R-22 PARA A SELF DA COTIL QUE VAZOU TODO O GAS.,3,,2016-04-13T13:48:54.689+00:00,2016-04-28T11:59:36.139+00:00,
377,3,1,O.S DO PEDIDO ANTERIOR DO COMPRESSOR 24000,3,,2016-04-13T13:49:55.550+00:00,2016-04-13T17:19:04.511+00:00,O.S_30916_E_30795_MES_DE_ABRIL_2016.pdf
378,3,1,13-04-16 PEDIDO ENG FRANCIS - CORREIA B-36 ,3,,2016-04-13T20:22:44.012+00:00,2016-04-19T12:01:35.600+00:00,
379,3,1,14-04-16 PEDIDO ENG FRANCIS - EPI PARA USO DOS FUNCIONARIOS,3,,2016-04-14T12:43:07.480+00:00,2016-04-28T12:00:09.688+00:00,
380,4,6,"polia de aluminio: 90 mm 1 a furo 5/8""",3,,2016-04-14T13:10:24.117+00:00,2016-05-31T17:33:09.128+00:00,
381,14,11,"MATERIAL PARA MANUTENÇAO 
GAS PROVIDENCIAR COM URGENCIA POR FAVOR",3,,2016-04-14T13:20:52.833+00:00,2016-04-19T11:57:47.864+00:00,
382,3,1,14-04-16 PEDIDO ENG FRANCIS PILHA PALITO AAA BATERIA 9V,3,,2016-04-14T17:38:35.215+00:00,2016-04-28T12:00:43.710+00:00,
383,3,1,15-04-16 PEDIDO ENG BRUNO - REBOBINAMENTO DE MOTOR TRIFASICO 5CV OU A COMPRA DE UM NOVO VER COM O ENG. BRUNO,3,,2016-04-15T11:45:16.678+00:00,2016-05-31T13:43:29.883+00:00,
384,3,1,15-04-16 O.S DO PEDIDO ANTERIOR DO REBOBINAMENTO DO MOTOR 5CV,3,,2016-04-15T11:46:56.439+00:00,2016-05-31T13:42:55.234+00:00,O.S.31130_-_SOLICITA__O_DE_MOTOR_5CV_-_BOMBA_-_ANTIGO_S.I.S_-_fornecimento_autorizado.pdf
385,4,6,mangueira e conexão,0,,2016-04-15T11:55:52.367+00:00,2016-04-15T11:55:52.367+00:00,
386,4,6,espuma expansível,3,,2016-04-15T11:56:38.200+00:00,2016-04-19T12:06:08.279+00:00,
387,4,6,etiquetadora,3,,2016-04-15T13:55:02.788+00:00,2016-04-18T13:45:03.790+00:00,
388,3,1,18-04-16 PEDIDO ENG FRANCIS ESCOVA DE AÇO URGENTE CONFORME AS FOTOS EM ANEXO TURBINA EVAPORADORA E ROLAMENTO,0,,2016-04-18T14:03:27.609+00:00,2016-04-18T14:03:27.609+00:00,escova-circular-para-furadeira-3pecas-vonder-3599518860_1.jpg
389,3,1,19-04-16  PEDIDO DO ENG FRANCIS URGENTE PARA AMANHA QUARTA FEIRA 20-04 MATERIAL PARA USO NA CONSULTORIA. QUALQUER DUVIDA LIGA PARA O ENG FRANCIS,3,,2016-04-19T11:42:43.325+00:00,2016-04-28T12:01:19.877+00:00,
390,4,6,querosene,3,,2016-04-19T11:56:13.717+00:00,2016-04-19T12:06:42.518+00:00,
391,4,6,cortador de tubo,0,,2016-04-19T11:56:40.008+00:00,2016-04-19T11:56:40.008+00:00,
392,20,25,"06- Trinchas de 3
",0,,2016-04-19T17:31:37.531+00:00,2016-04-19T17:31:37.531+00:00,
393,20,25,6- Trinchas de 2,0,,2016-04-19T17:32:05.807+00:00,2016-04-19T17:32:05.807+00:00,
394,20,25,01-Escada de 5 degraus ,0,,2016-04-19T17:34:33.053+00:00,2016-04-19T17:34:33.053+00:00,
395,20,25,Benzina,0,,2016-04-19T17:53:03.925+00:00,2016-04-19T17:53:03.925+00:00,341x256_igor01271.jpg
396,20,25,PPU ,0,,2016-04-19T17:53:32.276+00:00,2016-04-19T17:53:32.276+00:00,
397,20,25,"Arco serra, com serras ",0,,2016-04-19T17:54:15.419+00:00,2016-04-19T17:54:15.419+00:00,
398,20,25,1 garrafa de nitrogênio,0,,2016-04-19T17:55:01.177+00:00,2016-04-19T17:55:01.177+00:00,
399,20,25,regulador de nitrogênio,0,,2016-04-19T17:55:22.030+00:00,2016-04-19T17:55:22.030+00:00,
400,20,25,20 -Fitas isolantes ,0,,2016-04-19T17:55:47.296+00:00,2016-04-19T17:55:47.296+00:00,
401,20,25,Trena de 8 metros,0,,2016-04-19T17:56:15.897+00:00,2016-04-19T17:56:15.897+00:00,
402,20,25,20 - fitas aluminizadas ,0,,2016-04-19T17:56:43.164+00:00,2016-04-19T17:56:43.164+00:00,
403,20,25,Estilete ,0,,2016-04-19T17:57:02.568+00:00,2016-04-19T17:57:02.568+00:00,
404,20,25,Cola de sapateiro,0,,2016-04-19T17:57:13.611+00:00,2016-04-19T17:57:13.611+00:00,
405,4,6,correias,0,,2016-04-26T13:42:16.838+00:00,2016-04-26T13:42:16.838+00:00,
406,3,1,26-04-16 PEDIDO ENG FRANCIS- COMPRESSOR EXAUSTOR CONTACORA,3,,2016-04-26T16:22:29.214+00:00,2016-05-10T11:21:33.041+00:00,O.S_31251_A_31451_MES_DE_ABRIL_2016.pdf
407,4,6,material troca de compressor,3,,2016-04-26T18:00:26.250+00:00,2016-05-31T17:32:47.358+00:00,
408,3,1,27-04-16 PEDIDO DO ENG BRUNO SENSOR RECEPTOR DE SPLIT CARRIER - CONFORME AS FOTOS EM ANEXO,2,,2016-04-27T12:45:13.969+00:00,2016-06-16T11:57:15.863+00:00,20160425_142827.jpg
409,3,1,27-04-16 PEDIDO ENG FRANCIS . MATERIAL PARA REPARO EM DRENOS CONEXOES,3,,2016-04-27T19:25:30.906+00:00,2016-05-31T19:12:18.714+00:00,
410,3,1,29-04-16 PEDIDO ENG FRANCIS - GAS R-22 URGENTE POIS HOUVE UM VAZAMENTO NO CHILLER DOS SIS - E SERÁ NECESSARIO A CARGA COMPLETA 27KG,3,,2016-04-29T13:33:06.169+00:00,2016-05-10T11:20:31.440+00:00,O.S_GAS_R22.pdf
411,3,1,29-04-16 PEDIDO ENG FRANCIS - MATERIAL DIVERSOS . ISOLAMENTO E FITA,3,,2016-04-29T13:36:07.663+00:00,2016-06-02T14:19:50.699+00:00,
412,3,1,29-04-16 PEDIDO ENG FRANCIS . MANGUEIRA OXIACETILENICA. POIS AS DOS NOSSOS PPUS ESTAO TRINCADAS QUASE CAUSANDO ACIDENTE.,0,,2016-04-29T13:40:26.521+00:00,2016-04-29T13:40:26.521+00:00,
413,3,1,04-05-16 PEDIDO ENG FRANCIS COMPRESSOR E TEMPORIZADOR,3,,2016-05-04T12:44:58.073+00:00,2016-05-31T17:44:45.536+00:00,O.S_31598_31617_E_31619_MAIO_2016.pdf
414,3,1,04-05-16 PEDIDO ENG FRANCIS - TERMINAIS PILHAS FITA ISOLANTE,3,,2016-05-04T12:47:26.485+00:00,2016-05-31T13:41:01.191+00:00,
418,4,6,insumos para troca de compressor,3,,2016-05-09T12:47:41.144+00:00,2016-05-17T12:11:43.608+00:00,
420,3,1,10/05/16 PEDIDO ENG FRANCIS CHAPA E DIFUSOR URGENTE.,3,,2016-05-10T11:43:26.536+00:00,2016-06-16T11:56:09.885+00:00,O.S_31647_MAIO_2016_CHAPA.pdf
421,3,1,10-05-16 PEDIDO ENG FRANCIS E ENCARREGADO RIBAMAR - CADEADO PARA A CM3,0,,2016-05-10T13:27:09.151+00:00,2016-05-10T13:27:09.151+00:00,
422,3,1,11-05-16 PEDIDO ENG FRANCIS SENSOR E PLACA URGENTE CHILLER DO INTERLEGIS,3,,2016-05-11T11:45:57.625+00:00,2016-07-04T17:41:31.751+00:00,
423,3,1,11-05-16 PEDIDO ENG FRANCIS - EXAUSTOR MURO 150B,3,,2016-05-11T17:43:45.663+00:00,2016-05-31T13:39:37.402+00:00,O.S_31768_MAIO_2016_EXAUSTOR.pdf
424,3,1,"11-05-16 PEDIDO ENG FRANCIS -VALAVULA 2 VIAS 1"" COM ATUADOR E TERMOSTATO",3,,2016-05-11T18:48:37.470+00:00,2016-05-31T17:45:41.151+00:00,
425,4,6,thinner,3,,2016-05-12T17:15:09.942+00:00,2016-05-31T11:58:40.413+00:00,
426,3,1,12-05-16 PEDIDO ENG FRANCIS - EXAUSTOR MURO 150B,3,,2016-05-12T17:19:01.624+00:00,2016-05-31T13:39:07.856+00:00,O.S_31649_E_31791_MAIO_2016_pdf.pdf
427,3,1,"13-05-16 PEDIDO ENG FRANCIS - VALVULA 3/4"" E COMPRESSOR 18000 BTUS",3,,2016-05-13T13:23:24.456+00:00,2016-05-31T17:48:37.368+00:00,O.S_31790_E_32043_MAIO_2016_VALVULA_E_COMPRESSOR.pdf
428,4,6,insumos para troca de compressor II,3,,2016-05-13T14:52:53.800+00:00,2016-05-31T11:58:31.138+00:00,
429,3,1,13-05-16 PEDIDO ENG FRANCIS - MATERIAL PARA LIMPEZA,2,,2016-05-13T18:13:05.746+00:00,2016-06-02T14:21:32.286+00:00,
430,3,1,17-05-16 PEDIDO ENG FRANCIS- MATERIAL PARA REPARO NO ISOLAMENTO DOS FANCOILS DO ARQUIVO (COARQ) A PEDIDO DO SR PAULO. PODENDO TER PONTUAÇAO NA ANS.,3,,2016-05-17T11:52:14.047+00:00,2016-05-31T13:38:30.710+00:00,
431,4,6,união água gelada,2,,2016-05-18T14:49:34.233+00:00,2016-05-31T19:21:36.931+00:00,
432,3,1,19-05-16 PEDIDO ENG FRANCIS - COMPRESSOR SCROLL 36000 BTUS,3,,2016-05-19T11:37:26.636+00:00,2016-05-31T17:47:28.811+00:00,O.S_32225_MAIO_2016_COMPRESSOR_36000.pdf
433,3,1,19-05-16 PEDIDO ENG FRANCIS - CONSERTO DE 3 PÇ DE ASPIRADOR QUEIMADOS. VOU MANDAR PELO MOTORISTA LUIZ .,0,,2016-05-19T11:39:29.210+00:00,2016-05-19T11:39:29.210+00:00,
434,3,1,19-05-16 - PEDIDO DO ENG FRANCIS E ENCARREGADO JOSE BARROS - COMPRA OU REBOBINAMENTO DE UM MOTOR VENTILADOR DE ACJ - MOD.ML46RBCX2 REF.25901019 EWG,0,,2016-05-19T11:58:05.149+00:00,2016-05-19T11:58:05.149+00:00,
435,4,6,fluxo para solda,0,,2016-05-20T14:47:12.525+00:00,2016-05-20T14:47:12.525+00:00,
436,4,6,correia ax 34,0,,2016-05-20T14:48:06.617+00:00,2016-05-20T14:48:06.617+00:00,
437,3,1,"20-05-16 PEDIDO ENG FRANCIS - COMPRESSOR 9000 BTUS E 3 REGISTRO GAVETA 3/4""",3,,2016-05-20T17:01:51.512+00:00,2016-05-31T19:15:47.009+00:00,O.S_32228_MAIO_2016_COMPRESSOR_9000.pdf
438,3,1,23-05-16 PEDIDO ENG FRANCIS - CORREIA,3,,2016-05-23T11:56:57.167+00:00,2016-06-21T11:38:43.609+00:00,
440,4,6,EPIs,0,,2016-05-23T13:44:51.209+00:00,2016-05-23T13:44:51.209+00:00,
441,4,6,correias,3,,2016-05-23T17:50:22.985+00:00,2016-06-08T19:14:07.753+00:00,
442,3,1,30-05-16 PEDIDO ENG FRANCIS . UNIFORME PARA OS FUNCIONARIOS ,0,,2016-05-30T17:55:20.022+00:00,2016-05-30T17:55:20.022+00:00,PEDIDO_DE_UNIFORMES_FUNCIONARIOS.xlsx
443,3,1,30-05-16 PEDIDO ENG FRANCIS - ACOPLAMENTO E-148 COMPLETO COM O ANEL NORMEX. GAS R-22,3,,2016-05-30T17:58:10.981+00:00,2016-06-16T11:54:09.298+00:00,
444,4,6,terminal bandeira,0,,2016-05-30T18:38:42.663+00:00,2016-05-30T18:38:42.663+00:00,
445,3,1,31-05-16 PEDIDO ENG FRANCIS - ROLAMENTOS PARA TROCA EM 4 MOTORES- CHILLER DO SIS - TELEFONIA PRODASEN,3,,2016-05-31T13:52:02.677+00:00,2016-06-03T17:41:35.982+00:00,
446,4,6,Rolamento - URGENTE - CPD,3,,2016-06-02T13:44:45.370+00:00,2016-06-08T11:55:06.831+00:00,
447,3,1,03-06-16 PEDIDO ENG FRANCIS  / BRUNO E ENCARREGADOS - MATERIAL PARA MANUTENÇAO GERAL MECANICA E ELETRICA.,0,,2016-06-03T18:00:07.715+00:00,2016-06-03T18:00:07.715+00:00,
448,3,1,03-06-16 PEDIDO ENG FRANCIS - SERVIÇOS ,0,,2016-06-03T20:07:18.976+00:00,2016-06-03T20:07:18.976+00:00,
449,3,1,06-06-16 PEDIDO ENG FRANCIS E ENCARREGADO JOSE BARROS COMPRESSOR 24000,3,,2016-06-06T13:06:48.950+00:00,2016-06-21T11:39:34.806+00:00,
450,3,1,06-06-16 PEDIDO ENG FRANCIS E ENCARREGADO JOSE BARROS URGENTE ROLAMENTO,3,,2016-06-06T17:24:05.547+00:00,2016-06-08T11:54:47.016+00:00,
451,3,1,08-6-16 PEDIDO ENG FRANCIS E ENCARREGADO VALDELINO COMPRESSOR 24000,3,,2016-06-08T11:22:34.986+00:00,2016-06-09T18:55:36.281+00:00,
452,3,1,09-06-16 PEDIDO ENG FRANCIS MATERIAL ADM,3,,2016-06-09T18:35:35.493+00:00,2016-06-24T11:36:26.424+00:00,
453,3,1,09-06-16 PEDIDO DO ENG FRANCIS A PEDIDO DO SR PAULO - FILTRO DE OLEO E CHAVE DE FLUXO PARA O CHILLER TRANE MOD.CVGF1000,0,,2016-06-09T19:36:17.314+00:00,2016-06-09T19:36:17.314+00:00,
454,3,1,13-06-16 PEDIDO ENG FRANCIS MATERIAL PARA INSTALAÇAO DE UM FANCOLET CCP TV SENADO,3,,2016-06-13T12:57:34.397+00:00,2016-07-04T17:36:19.940+00:00,
455,3,1,"13-06-16 PEDIDO ENG FRANCIS A PEDIDO DO SR PAULO -Difusor de ar quadrado com caixa pleno AK6, 248x248 mm, Referência Comercial: Trox ADLK-AG Nº4.
",3,,2016-06-13T16:55:38.601+00:00,2016-07-04T17:36:04.462+00:00,
456,3,1,13-06-16 PEDIDO ENG FRANCIS E ENCARREGADO JOSE BARROS - COMPRESSOR 30000 BTUS SCROLL,3,,2016-06-13T17:10:08.962+00:00,2016-06-21T11:40:08.918+00:00,
457,3,1,14-06-16 PEDIDO ENG FRANCIS - REBOBINAMENTO DE MOTOR 2 CV URGENTE,0,,2016-06-14T11:31:55.790+00:00,2016-06-14T11:31:55.790+00:00,
458,3,1,14-06-16 PEDIDO ENG FRANCIS - GAS R-22 SOLDA FOSCOLPE E AMARELA,3,,2016-06-14T17:02:34.311+00:00,2016-07-04T17:35:55.052+00:00,
459,3,1,15-06-16 PEDIDO DO ENG FRANCIS - ROLAMENTO 608-2C,3,,2016-06-15T17:39:20.852+00:00,2016-06-21T11:40:35.265+00:00,
460,3,1,15-06-16 PEDIDO DO ENG BRUNO - PRESSOSTATO PARA ACJ,0,,2016-06-15T17:55:59.286+00:00,2016-06-15T17:55:59.286+00:00,
461,3,1,21-06-16 PEDIDO DO ENG FRANCIS ROLAMENTO E CONTACTORA,3,,2016-06-21T11:35:39.611+00:00,2016-07-04T17:35:43.109+00:00,
462,3,1,27-06-16 PEDIDO ENG FRANCIS - MATERIAL PARA INSTALAÇAO DE UM SPLIT DUTADO NO GABINETE 13 DA ALA TEOTONIO VILELA - PREVISAO PARA O INICIO DO SERVIÇO DIA 29-06-16.,3,,2016-06-27T16:49:36.871+00:00,2016-06-28T18:34:40.937+00:00,
463,3,1,17-06-16 PEDIDO ENG FRANCIS - MATERIAL PARA INSTALAÇAO DE UM FANCOLET E ISOLAMENTO NA ALA ALEXANDRE COSTA,3,,2016-06-27T20:45:29.771+00:00,2016-07-04T17:35:32.531+00:00,
464,3,1,28-06-16 PEDIDO DO ENG FRANCIS A PEDEIDO DO SR PAULO - COMPRESSOR ROTATIVO 22000 BTUS 220V PARA GAS 410A E PLACA ELETRONICA O SENADO IRA PAGA O VALOR DA NOTA FISCAL. LOCAL PARA COMPRA (WWW.TECLARDF.COM.BR),0,,2016-06-28T20:09:02.768+00:00,2016-06-28T20:09:02.768+00:00,
465,3,1,05/07/16 PEDIDO ENG FRANCIS - COMPRESSOR ROTATIVO 30000 BTUS,0,,2016-07-05T14:41:46.954+00:00,2016-07-05T14:41:46.954+00:00,O.S_36448_JULHO_COMPRESSOR_30000BTUS.pdf
466,3,1,05-07-16 PEDIDO ENG FRANCIS E ENCARREGADO JOSE BARROS - COMPRESSOR 30000BTUS,0,,2016-07-05T19:20:37.242+00:00,2016-07-05T19:20:37.242+00:00,O.S_36466_JULHO_COMPRESSOR_30000BTUS.pdf
467,3,1,06-07-16 PEDIDO ENG FRANCIS - MATERIAL DIVERSOS,0,,2016-07-06T12:02:10.126+00:00,2016-07-06T12:02:10.126+00:00,
468,3,1,06-07-16 PEDIDO ENG FRANCIS ROLAMENTO PARA FANCOIL DA TV SENADO O.S 36491,0,,2016-07-06T12:17:41.285+00:00,2016-07-06T12:17:41.285+00:00,
469,3,1,06-07-16 PEDIDO ENG FRANCIS - CARENAGEM DE SPLIT CARRIER ,0,,2016-07-06T13:34:36.755+00:00,2016-07-06T13:34:36.755+00:00,
470,3,1,06-07-16 PEDIDO DO ENG FRANCIS E ENCARREGADO JOSE BAROOS -ROLAMENTOS RAE 30 NPP E CORREIAS PARA USO NO SELF DA GRAFICA,0,,2016-07-06T18:15:46.463+00:00,2016-07-06T18:15:46.463+00:00,
471,3,1,06-07-16 PEDIDO DOS MOTORES QUE FORAM PARA REBOBINAMENTO NO DIA 23-06-16 LEVADOS PELO MOTORISTA LUIS.,0,,2016-07-06T18:38:45.830+00:00,2016-07-06T18:38:45.830+00:00,
472,3,1,06-07-16 PEDIDO ENG FRANCIS GAS R-22,0,,2016-07-06T19:23:00.589+00:00,2016-07-06T19:23:00.589+00:00,
473,3,1,08/07/16 PEDIDO ENG FRANCIS - CONSERTO DA MANGUEIRA DE PRESSAO DO LAVA JATO O MOTORISTA LIUS JA A LEVOU,0,,2016-07-08T12:24:49.894+00:00,2016-07-08T12:24:49.894+00:00,
